"List Item","Status","Term/Proc Times","Prompt Variable","Open Mutex","Synced Hash","Fake Error","Function Test","Static Variable","WasSuccess","Update Time 01","Update Time 02","Update Time 03","Update Time 04","Update Time 05","Update Time 06"
"Sample List Item 00","Completed","10:02:33:1282","QAZ","10:02:31:8225","First","Someing Failed!","Hello World","Static","True","10:02:32:1003","10:02:32:2191","10:02:32:5154","10:02:32:6722","10:02:32:7986","10:02:32:9406"
"Sample List Item 01","Completed","10:02:33:1282","QAZ","10:02:31:6934","First","Someing Failed!","Hello World","Static","True","10:02:32:1003","10:02:32:2191","10:02:32:5154","10:02:32:6722","10:02:32:7986","10:02:32:9406"
"Sample List Item 02","Error","10:02:33:1282","QAZ","10:02:31:8315","Sample List Item 00","This is a Fake Error!","Hello World","Static","False","10:02:32:1003","10:02:32:2191","10:02:32:5154","10:02:32:6722","10:02:32:7986","10:02:32:9406"
"Sample List Item 03","Completed","10:02:33:3019","QAZ","10:02:31:9435","Sample List Item 00","Simulated Error!","Hello World","Static","True","10:02:32:1043","10:02:32:3595","10:02:32:6562","10:02:32:7986","10:02:32:9406","10:02:33:1004"
"Sample List Item 04","Completed","10:02:34:5892","QAZ","10:02:33:3809","Sample List Item 05","Someing Failed!","Hello World","Static","True","10:02:33:4179","10:02:33:5750","10:02:33:7143","10:02:33:8411","10:02:33:9977","10:02:34:1225"
"Sample List Item 05","Completed","10:02:34:5372","QAZ","10:02:33:3549","Sample List Item 03","Someing Failed!","Hello World","Static","True","10:02:33:4139","10:02:33:5284","10:02:33:7143","10:02:33:8411","10:02:33:9977","10:02:34:1225"
"Sample List Item 06","Completed","10:02:34:5382","QAZ","10:02:33:3109","Sample List Item 03","This is a Fake Error!","Hello World","Static","True","10:02:33:4109","10:02:33:5284","10:02:33:7143","10:02:33:8411","10:02:33:9977","10:02:34:1225"
"Sample List Item 07","Completed","10:02:34:6950","QAZ","10:02:33:3879","Sample List Item 04","This is a Fake Error!","Hello World","Static","True","10:02:33:5971","10:02:33:7143","10:02:33:8411","10:02:33:9977","10:02:34:1225","10:02:34:4232"
"Sample List Item 08","Error","10:02:35:6319","QAZ","10:02:34:7010","Sample List Item 07","This is a Fake Error!","Hello World","Static","False","10:02:34:7530","10:02:34:8631","10:02:35:0200","10:02:35:1759","10:02:35:3019","10:02:35:4426"
"Sample List Item 09","Completed","10:02:35:6319","QAZ","10:02:34:7190","Sample List Item 07","Simulated Error!","Hello World","Static","True","10:02:34:7560","10:02:34:8631","10:02:35:0200","10:02:35:1759","10:02:35:3019","10:02:35:4426"
"Sample List Item 10","Completed","10:02:35:6319","QAZ","10:02:34:7390","Sample List Item 09","Simulated Error!","Hello World","Static","True","10:02:34:7600","10:02:34:8932","10:02:35:0200","10:02:35:1759","10:02:35:3019","10:02:35:4426"
"Sample List Item 11","Completed","10:02:36:0446","QAZ","10:02:34:7480","Sample List Item 10","Simulated Error!","Hello World","Static","True","10:02:34:9142","10:02:35:1605","10:02:35:3019","10:02:35:4426","10:02:35:5841","10:02:35:7386"
"Sample List Item 12","Error","10:02:36:9495","QAZ","10:02:35:7139","Sample List Item 13","Simulated Error!","Hello World","Static","False","10:02:35:8994","10:02:36:0334","10:02:36:1583","10:02:36:3315","10:02:36:4556","10:02:36:7195"
"Sample List Item 13","Error","10:02:36:9495","QAZ","10:02:35:6929","Sample List Item 11","Simulated Error!","Hello World","Static","False","10:02:35:8785","10:02:36:0026","10:02:36:1583","10:02:36:3315","10:02:36:4556","10:02:36:7195"
"Sample List Item 14","Completed","10:02:36:9495","QAZ","10:02:35:6679","Sample List Item 11","This is a Fake Error!","Hello World","Static","True","10:02:35:8564","10:02:35:9875","10:02:36:1583","10:02:36:3315","10:02:36:4556","10:02:36:7195"
"Sample List Item 15","Error","10:02:37:9416","QAZ","10:02:36:5411","Sample List Item 12","This is a Fake Error!","Hello World","Static","False","10:02:36:9505","10:02:37:0613","10:02:37:2477","10:02:37:3885","10:02:37:5310","10:02:37:7360"
"Sample List Item 16","Terminated","10:02:37:1263","","","","","","","","","","","","",""
"Sample List Item 17","Terminated","10:02:37:1273","","","","","","","","","","","","",""
"Sample List Item 18","Terminated","10:02:37:1273","","","","","","","","","","","","",""
"Sample List Item 19","Terminated","10:02:37:2737","","","","","","","","","","","","",""
"Sample List Item 20","Terminated","10:02:37:2737","","","","","","","","","","","","",""
"Sample List Item 21","Terminated","10:02:37:2737","","","","","","","","","","","","",""
"Sample List Item 22","Terminated","10:02:37:4207","","","","","","","","","","","","",""
"Sample List Item 23","Terminated","10:02:37:4207","","","","","","","","","","","","",""
"Sample List Item 24","Terminated","10:02:37:4207","","","","","","","","","","","","",""
"Sample List Item 25","Terminated","10:02:37:4607","","","","","","","","","","","","",""
"Sample List Item 26","Terminated","10:02:37:4687","","","","","","","","","","","","",""
"Sample List Item 27","Terminated","10:02:37:4737","","","","","","","","","","","","",""
"Sample List Item 28","Terminated","10:02:37:5077","","","","","","","","","","","","",""
"Sample List Item 29","Terminated","10:02:37:6203","","","","","","","","","","","","",""
"Sample List Item 30","Terminated","10:02:37:6203","","","","","","","","","","","","",""
"Sample List Item 31","Terminated","10:02:37:7814","","","","","","","","","","","","",""
"Sample List Item 32","Terminated","10:02:37:7834","","","","","","","","","","","","",""
"Sample List Item 33","Terminated","10:02:37:7824","","","","","","","","","","","","",""
"Sample List Item 34","Terminated","10:02:37:9406","","","","","","","","","","","","",""
"Sample List Item 35","Terminated","10:02:37:9396","","","","","","","","","","","","",""
"Sample List Item 36","Terminated","10:02:37:9406","","","","","","","","","","","","",""
"Sample List Item 37","Terminated","10:02:37:9546","","","","","","","","","","","","",""
"Sample List Item 38","Terminated","10:02:37:9546","","","","","","","","","","","","",""
"Sample List Item 39","Terminated","10:02:37:9556","","","","","","","","","","","","",""
"Sample List Item 40","Terminated","10:02:37:9696","","","","","","","","","","","","",""
"Sample List Item 41","Terminated","10:02:37:9696","","","","","","","","","","","","",""
"Sample List Item 42","Terminated","10:02:37:9696","","","","","","","","","","","","",""
"Sample List Item 43","Terminated","10:02:37:9696","","","","","","","","","","","","",""
"Sample List Item 44","Terminated","10:02:38:1020","","","","","","","","","","","","",""
"Sample List Item 45","Terminated","10:02:38:1020","","","","","","","","","","","","",""
"Sample List Item 46","Terminated","10:02:38:1020","","","","","","","","","","","","",""
"Sample List Item 47","Terminated","10:02:38:1020","","","","","","","","","","","","",""
"Sample List Item 48","Terminated","10:02:38:5853","","","","","","","","","","","","",""
"Sample List Item 49","Terminated","10:02:38:5853","","","","","","","","","","","","",""
